[
  {"id": 1, "name": "Product 1", "price": "25.50", "description": "Product 1 description"},
  {"id": 2, "name": "Product 2", "price": "15.20", "description": "Product 2 description"},
  {"id": 3, "name": "Product 3", "price": "13.50", "description": "Product 3 description"},
  {"id": 4, "name": "Product 4", "price": "26.40", "description": "Product 4 description"},
  {"id": 5, "name": "Product 5", "price": "11.50", "description": "Product 5 description"},
  {"id": 6, "name": "Product 6", "price": "35.70", "description": "Product 6 description"}
] 