{
  "$schema": "./node_modules/@angular/cli/lib/config/schema.json",
  "project": {
    "name": "award-management"
  },
  "apps": [
    {
      "root": "src",
      "outDir": "dist",
      "assets": [
        "assets",
        "favicon.ico"
      ],
      "index": "index.html",
      "main": "main.ts",
      "polyfills": "polyfills.ts",
      "test": "test.ts",
      "tsconfig": "tsconfig.app.json",
      "testTsconfig": "tsconfig.spec.json",
      "prefix": "app",
      "styles": [
        "styles.css"
      ],
      "scripts": [
       
       "assets/js/core/jquery-3.1.1.min.js", 
       "assets/js/core/jquery-ui.min.js", 
       "assets/js/core/bootstrap.min.js" ,
       "assets/js/core/arrive.js" ,
       "assets/js/core/material.min.js" ,
       "assets/js/core/perfect-scrollbar.jquery.min.js", 
       "assets/js/core/jquery.validate.min.js",
       "assets/js/plugins/moment.min.js",
       "assets/js/plugins/chartist.min.js",
       
       "assets/js/plugins/jquery.bootstrap-wizard.js",
        
       "assets/js/plugins/bootstrap-notify.js",
        
       "assets/js/plugins/bootstrap-datetimepicker.js",
      
       "assets/js/plugins/jquery-jvectormap.js",
       
       "assets/js/plugins/nouislider.min.js",
      
       "assets/js/plugins/jquery.select-bootstrap.js",
        
       "assets/js/plugins/jquery.datatables.js",
       
       "assets/js/plugins/sweetalert2.min.js",
        
       "assets/js/plugins/jasny-bootstrap.min.js",
       
       "assets/js/plugins/fullcalendar.min.js",
      
       "assets/js/plugins/jquery.tagsinput.js",
        
       "assets/js/material-dashboard-angular.js",
        
       "assets/js/demo.js"
      ],
      "environmentSource": "environments/environment.ts",
      "environments": {
        "dev": "environments/environment.ts",
        "prod": "environments/environment.prod.ts"
      }
    }
  ],
  "e2e": {
    "protractor": {
      "config": "protractor.conf.js"
    }
  },
  "lint": [
    {
      "project": "src/tsconfig.app.json",
      "exclude": "**/node_modules/**"
    },
    {
      "project": "src/tsconfig.spec.json",
      "exclude": "**/node_modules/**"
    },
    {
      "project": "e2e/tsconfig.e2e.json",
      "exclude": "**/node_modules/**"
    }
  ],
  "test": {
    "karma": {
      "config": "karma.conf.js"
    }
  },
  "defaults": {
    "styleExt": "css",
    "component": {}
  }
}
